ISO3,Country_Raw,Year,New_Infections,Predicted_Infections,EDI_Raw,ART_Coverage
AFG,AFG,2010.0,610.0,675.9191092666513,-0.43773253468106027,1.0
AFG,AFG,2011.0,670.0,719.2201620232399,-0.3074421525916865,3.0
AFG,AFG,2012.0,680.0,775.5991811827354,-0.5542968898565205,3.0
AFG,AFG,2013.0,790.0,789.0453387736526,0.005442136668868169,4.0
AFG,AFG,2014.0,870.0,893.5943113680041,-0.1189437019332421,5.0
AFG,AFG,2015.0,950.0,964.2780353464399,-0.06675787380925391,5.0
AGO,AGO,2010.0,27000.0,26798.440113427096,0.034260138453984096,9.0
AGO,AGO,2011.0,28000.0,26731.0830224455,0.21622741354685687,10.0
AGO,AGO,2012.0,28000.0,27592.158606321926,0.06732943724066162,12.0
AGO,AGO,2013.0,27000.0,27487.528818361785,-0.08079106503179426,17.0
AGO,AGO,2014.0,27000.0,26209.826036706017,0.13732491060238192,22.0
AGO,AGO,2015.0,26000.0,25818.228378350326,0.032069174769191834,24.0
ALB,ALB,2010.0,100.0,102.0677415857964,-0.08415079075148298,20.0
ALB,ALB,2011.0,100.0,101.76279634972711,-0.0719372084186372,24.0
ALB,ALB,2012.0,100.0,100.0605095876054,-0.0025077070086061536,30.0
ALB,ALB,2013.0,100.0,99.38211406853607,0.02576681839005452,38.0
ALB,ALB,2014.0,100.0,98.57649099620602,0.05980549536045298,39.0
ALB,ALB,2015.0,200.0,97.28750163204279,4.3673747320857705,43.0
ARE,ARE,2010.0,100.0,133.30686126643536,-1.0590316631852845,23.0
ARE,ARE,2011.0,100.0,135.32605231561718,-1.107588771472623,26.0
ARE,ARE,2012.0,100.0,137.20017019046995,-1.1514632297493437,33.0
ARE,ARE,2013.0,100.0,138.83267408703497,-1.1887795138007622,34.0
ARE,ARE,2014.0,100.0,140.85135150708237,-1.2338046512337708,24.0
ARE,ARE,2015.0,100.0,143.6751288287156,-1.2947997837021745,24.0
ARG,ARG,2010.0,5400.0,5179.763084705964,0.19336335460158052,46.0
ARG,ARG,2011.0,5400.0,5083.070503647383,0.2835397728423457,49.0
ARG,ARG,2012.0,5400.0,5071.34747451515,0.29470603106730087,52.0
ARG,ARG,2013.0,5400.0,5046.220039130446,0.3188144919988629,55.0
ARG,ARG,2014.0,5300.0,5014.879219007987,0.2585436297860434,58.0
ARG,ARG,2015.0,5300.0,4925.375430282639,0.3458645847327413,61.0
ARM,ARM,2010.0,500.0,464.25463438955387,0.34326127666243633,14.0
ARM,ARM,2011.0,500.0,463.6539904322871,0.3494716974437587,15.0
ARM,ARM,2012.0,500.0,462.8209050418882,0.3581115819803438,18.0
ARM,ARM,2013.0,500.0,465.6718235378471,0.32867024232218633,21.0
ARM,ARM,2014.0,500.0,462.2110176758251,0.36445601376136955,23.0
ARM,ARM,2015.0,500.0,458.8962216605064,0.3992271373178096,27.0
AUS,AUS,2010.0,1000.0,1019.902458112364,-0.08803070734913937,62.0
AUS,AUS,2011.0,1000.0,1019.4370906601777,-0.08601119136763243,65.0
AUS,AUS,2012.0,1000.0,1020.5226656456856,-0.0907193353259117,68.0
AUS,AUS,2013.0,980.0,1018.114088995798,-0.16887586912836625,73.0
AUS,AUS,2014.0,950.0,1002.0860877360162,-0.2344368064097114,76.0
AUS,AUS,2015.0,920.0,971.8537104949073,-0.24057524900772453,80.0
AZE,AZE,2010.0,760.0,733.7027859429402,0.16106163774558432,6.0
AZE,AZE,2011.0,740.0,707.8280682969112,0.20414255105098095,9.0
AZE,AZE,2012.0,700.0,690.5934171687568,0.061156023525402614,11.0
AZE,AZE,2013.0,670.0,653.279191153313,0.11482236798890658,15.0
AZE,AZE,2014.0,640.0,626.3479131311242,0.09771562437629717,21.0
AZE,AZE,2015.0,600.0,597.1567893788322,0.021328529529466195,27.0
BDI,BDI,2010.0,4500.0,3983.315874542701,0.5895410572605619,23.0
BDI,BDI,2011.0,3800.0,4276.063131517862,-0.5060940525264939,28.0
BDI,BDI,2012.0,3500.0,3525.355281451573,-0.03267781369316982,31.0
BDI,BDI,2013.0,3100.0,3215.361811837915,-0.16296604022350744,36.0
BDI,BDI,2014.0,3000.0,2790.230422002834,0.3413148146490423,41.0
BDI,BDI,2015.0,2800.0,2631.681460911602,0.2903051359193677,49.0
BEL,BEL,2010.0,700.0,685.3027419606494,0.09627969578175904,78.0
BEL,BEL,2011.0,690.0,685.2731366043355,0.030966343571789148,83.0
BEL,BEL,2012.0,670.0,668.2971559453696,0.01143467127803811,80.0
BEL,BEL,2013.0,630.0,646.4492131967344,-0.11413217535979071,83.0
BEL,BEL,2014.0,590.0,611.3023822376196,-0.15616412090928455,84.0
BEL,BEL,2015.0,550.0,574.3179400786197,-0.18955038490164414,87.0
BEN,BEN,2010.0,4100.0,4134.830747643486,-0.038289527954912125,30.0
BEN,BEN,2011.0,3800.0,3727.407111974289,0.08850007319504678,37.0
BEN,BEN,2012.0,3700.0,3422.277645783672,0.36867590154411223,40.0
BEN,BEN,2013.0,3700.0,3298.536296220309,0.5528725786391906,35.0
BEN,BEN,2014.0,3300.0,3276.4747031684315,0.032615134727637794,40.0
BEN,BEN,2015.0,2600.0,2906.3429948514204,-0.4786057203240996,36.0
BFA,BFA,2010.0,4700.0,4483.637928538441,0.21938653905378455,29.0
BFA,BFA,2011.0,4100.0,4256.087884694727,-0.16671108419817937,34.0
BFA,BFA,2012.0,4000.0,3677.313983038668,0.3987396573265912,37.0
BFA,BFA,2013.0,3600.0,3586.8653593150434,0.016638431224814048,41.0
BFA,BFA,2014.0,3100.0,3193.0365683867535,-0.13234420924494017,47.0
BFA,BFA,2015.0,3500.0,2725.7576101581076,1.2894499165971927,53.0
BGD,BGD,2010.0,930.0,1762.486597300033,-2.1397881603941507,6.0
BGD,BGD,2011.0,990.0,1769.5133138661206,-1.9957176426466339,8.0
BGD,BGD,2012.0,1100.0,1819.9907588265683,-1.7924910590028693,9.0
BGD,BGD,2013.0,1200.0,1907.854027663143,-1.6815533935839402,11.0
BGD,BGD,2014.0,1200.0,1990.172753392186,-1.7998656824493524,12.0
BGD,BGD,2015.0,1300.0,1994.207958547193,-1.5780926698079802,13.0
BGR,BGR,2010.0,200.0,217.54335330664594,-0.35110180769387583,19.0
BGR,BGR,2011.0,200.0,216.59793314400625,-0.3335672510615887,22.0
BGR,BGR,2012.0,200.0,215.98259438300133,-0.3220758142228378,25.0
BGR,BGR,2013.0,200.0,211.0960553497627,-0.22854812207217173,28.0
BGR,BGR,2014.0,200.0,211.69644641207637,-0.24026177911890234,31.0
BGR,BGR,2015.0,200.0,209.19417067694332,-0.191018492650876,34.0
BHR,BHR,2010.0,100.0,97.32706532747311,0.11361206610183633,24.0
BHR,BHR,2011.0,100.0,90.7401613682356,0.41948794015845614,28.0
BHR,BHR,2012.0,100.0,93.98377480464701,0.2639896599409641,30.0
BHR,BHR,2013.0,100.0,95.96302466968096,0.17381203986564078,31.0
BHR,BHR,2014.0,100.0,96.92414686877413,0.13123349109149016,33.0
BHR,BHR,2015.0,100.0,96.4567955267891,0.15184094807317325,35.0
BHS,BHS,2010.0,200.0,191.34139722505975,0.1958526693585368,30.0
BHS,BHS,2011.0,200.0,189.94521976378448,0.22902275446921005,30.0
BHS,BHS,2012.0,200.0,190.72379186579892,0.21046864446985328,38.0
BHS,BHS,2013.0,200.0,190.36432087626926,0.2190172448133862,46.0
BHS,BHS,2014.0,200.0,188.6361788303582,0.2605465767354598,55.0
BHS,BHS,2015.0,200.0,186.38212037398014,0.31581369379684787,54.0
BLZ,BLZ,2010.0,200.0,501.15985164926093,-2.6832911248925844,26.0
BLZ,BLZ,2011.0,200.0,189.90052048053548,0.2300923714055752,30.0
BLZ,BLZ,2012.0,200.0,188.67079078054218,0.25970771358304523,31.0
BLZ,BLZ,2013.0,200.0,187.58828269838372,0.28608289135436027,34.0
BLZ,BLZ,2014.0,200.0,187.3899636284406,0.29094629360335156,33.0
BLZ,BLZ,2015.0,200.0,185.99093910877446,0.3255346139743306,36.0
BOL,BOL,2010.0,2000.0,1935.8592119901343,0.15017804408682164,6.0
BOL,BOL,2011.0,2100.0,1838.7270331266918,0.6438748120708429,6.0
BOL,BOL,2012.0,2100.0,1927.9478319855245,0.4044839906527513,11.0
BOL,BOL,2013.0,2100.0,1929.1547864072393,0.40139656781643485,13.0
BOL,BOL,2014.0,2100.0,1921.7855652872813,0.420307361810995,16.0
BOL,BOL,2015.0,2100.0,1921.268527240698,0.42163959483380825,23.0
BRA,BRA,2010.0,51000.0,43668.8549125336,0.7648204563099081,50.0
BRA,BRA,2011.0,55000.0,47326.671186119296,0.7386612415897986,51.0
BRA,BRA,2012.0,59000.0,50783.77601233877,0.7370911983014801,53.0
BRA,BRA,2013.0,62000.0,54450.751208831956,0.6316547756190836,56.0
BRA,BRA,2014.0,65000.0,57188.748648688794,0.6222915498026246,59.0
BRA,BRA,2015.0,67000.0,59647.53003927838,0.5616010717128354,63.0
BRB,BRB,2010.0,200.0,192.71412329073627,0.16368556118374064,38.0
BRB,BRB,2011.0,200.0,191.727245996965,0.18676680194376064,40.0
BRB,BRB,2012.0,200.0,191.69619338466947,0.18749673355948115,43.0
BRB,BRB,2013.0,200.0,190.36995226527696,0.2188830877356482,45.0
BRB,BRB,2014.0,200.0,188.83941532143743,0.2556250714345273,46.0
BRB,BRB,2015.0,200.0,187.96780689119768,0.2768029649779927,47.0
BTN,BTN,2010.0,100.0,90.28563128406309,0.44208733244769494,15.0
BTN,BTN,2011.0,100.0,89.93367147351445,0.4597291676294151,19.0
BTN,BTN,2012.0,100.0,89.56757591951006,0.47821288163261766,25.0
BTN,BTN,2013.0,100.0,89.08273140439843,0.5029039147421088,30.0
BTN,BTN,2014.0,100.0,88.42736133658858,0.5366686970908275,35.0
BTN,BTN,2015.0,100.0,87.9807478575396,0.5599391257333558,44.0
BWA,BWA,2010.0,13000.0,14063.134964101855,-0.3442298934396648,49.0
BWA,BWA,2011.0,14000.0,13896.770799601058,0.0338241710414329,54.0
BWA,BWA,2012.0,13000.0,14900.509346030687,-0.5808034852603585,61.0
BWA,BWA,2013.0,12000.0,13668.05466948545,-0.5556951993099294,65.0
BWA,BWA,2014.0,12000.0,12398.207790407274,-0.1462346126008027,67.0
BWA,BWA,2015.0,11000.0,12305.662934488786,-0.48308401518829774,72.0
CAF,CAF,2010.0,10000.0,10545.736200512923,-0.23558163348107636,11.0
CAF,CAF,2011.0,9800.0,9761.021225387327,0.018177501580010327,11.0
CAF,CAF,2012.0,9200.0,9468.842754932015,-0.12923747837971114,13.0
CAF,CAF,2013.0,9200.0,8802.714506890352,0.20541737734033574,13.0
CAF,CAF,2014.0,8100.0,8668.309606510229,-0.2983965166650512,21.0
CAF,CAF,2015.0,7500.0,7614.874835992621,-0.06864889095641663,24.0
CAN,CAN,2010.0,2100.0,2309.449330918768,-0.41142394789674147,46.0
CAN,CAN,2011.0,2000.0,2101.8650476769685,-0.21975986066836528,48.0
CAN,CAN,2012.0,1900.0,2009.791463347593,-0.2476556768794303,49.0
CAN,CAN,2013.0,1800.0,1910.9176436540554,-0.263071929569764,63.0
CAN,CAN,2014.0,1800.0,1812.8220741293399,-0.0320473906920297,67.0
CAN,CAN,2015.0,1900.0,1788.823823556378,0.28157931482995513,70.0
CHE,CHE,2010.0,500.0,494.7305254269259,0.047548120535131196,70.0
CHE,CHE,2011.0,500.0,494.59438004534377,0.04878975906723915,73.0
CHE,CHE,2012.0,500.0,492.751047205048,0.065667023265462,75.0
CHE,CHE,2013.0,500.0,492.1807504351866,0.07091365833916798,77.0
CHE,CHE,2014.0,500.0,491.31039435836965,0.07894379200393259,78.0
CHE,CHE,2015.0,500.0,489.95760105469856,0.09148049977593356,79.0
CHL,CHL,2010.0,3000.0,2601.3291066224842,0.6955934473535563,40.0
CHL,CHL,2011.0,3100.0,2777.714080081812,0.5267436011502928,41.0
CHL,CHL,2012.0,3200.0,2863.8991157324326,0.5328511522414074,47.0
CHL,CHL,2013.0,3200.0,2956.585248662524,0.37385179002045016,51.0
CHL,CHL,2014.0,3300.0,2940.647386796269,0.5548973166651706,55.0
CHL,CHL,2015.0,3400.0,3023.492298215675,0.5655115636732333,57.0
CIV,CIV,2010.0,25000.0,26328.995298205347,-0.22992208208713252,15.0
CIV,CIV,2011.0,23000.0,24089.4340060198,-0.2059918078142299,19.0
CIV,CIV,2012.0,20000.0,21945.593386171404,-0.4037960834122709,22.0
CIV,CIV,2013.0,19000.0,18754.657379924436,0.05957805097943155,25.0
CIV,CIV,2014.0,16000.0,17774.742179314082,-0.4547169562939271,30.0
CIV,CIV,2015.0,16000.0,14757.92548415073,0.3832478586003115,34.0
CMR,CMR,2010.0,36000.0,40025.6566476531,-0.45819290106158483,15.0
CMR,CMR,2011.0,34000.0,35685.57976833848,-0.21517556437595578,18.0
CMR,CMR,2012.0,29000.0,33398.05543841016,-0.5998839837016496,21.0
CMR,CMR,2013.0,26000.0,28040.893478106027,-0.3315358245276007,23.0
CMR,CMR,2014.0,24000.0,25035.90285530007,-0.18846836386446772,25.0
CMR,CMR,2015.0,23000.0,22823.61813037785,0.0351993541818369,30.0
COD,COD,2010.0,44000.0,44048.029994586985,-0.004967597742859948,7.0
COD,COD,2011.0,43000.0,40801.19967195739,0.24550768521842298,9.0
COD,COD,2012.0,40000.0,39723.89386186793,0.03166456196025519,11.0
COD,COD,2013.0,38000.0,36750.750949736335,0.15485415692946625,14.0
COD,COD,2014.0,36000.0,34768.85229060539,0.1613068738882597,18.0
COD,COD,2015.0,35000.0,32647.706839963743,0.32821876835883446,21.0
COG,COG,2010.0,7600.0,7308.406972248181,0.18155200161875892,15.0
COG,COG,2011.0,7800.0,7512.899098688468,0.17389631337649156,17.0
COG,COG,2012.0,8100.0,7659.041757753556,0.2619979077416957,17.0
COG,COG,2013.0,8200.0,7895.267281929405,0.17564856723350458,20.0
COG,COG,2014.0,8500.0,7962.389599516445,0.30727087916888307,19.0
COG,COG,2015.0,8700.0,8198.593757468916,0.2783324273453996,20.0
COL,COL,2010.0,12000.0,11339.637589454407,0.2651237390990506,16.0
COL,COL,2011.0,11000.0,11289.695963980144,-0.11682179885726499,23.0
COL,COL,2012.0,11000.0,10266.36914834402,0.32530045289892096,27.0
COL,COL,2013.0,11000.0,10199.805326406908,0.357128796635679,32.0
COL,COL,2014.0,11000.0,10143.96591844125,0.3841509777578385,35.0
COL,COL,2015.0,11000.0,10057.90796885903,0.4263836528884583,41.0
COM,COM,2010.0,100.0,92.03129815902622,0.35639835707104905,17.0
COM,COM,2011.0,100.0,92.12702694275274,0.35178467378938566,18.0
COM,COM,2012.0,100.0,90.61977287560035,0.42545367422624464,21.0
COM,COM,2013.0,100.0,90.45347177518114,0.43371825407394604,23.0
COM,COM,2014.0,100.0,90.1664739933404,0.44804605621304855,24.0
COM,COM,2015.0,100.0,89.07800053198234,0.5031460371860905,31.0
CPV,CPV,2010.0,200.0,182.39252778623617,0.4168118695848019,32.0
CPV,CPV,2011.0,200.0,181.2158799762646,0.44740480845831093,35.0
CPV,CPV,2012.0,200.0,180.25363707207464,0.4727047703949863,42.0
CPV,CPV,2013.0,200.0,179.5988416037761,0.4900681055732919,49.0
CPV,CPV,2014.0,500.0,178.15135020553032,7.79085184204226,53.0
CPV,CPV,2015.0,500.0,456.4059726145982,0.4256740552778846,52.0
CRI,CRI,2010.0,950.0,867.2654588210625,0.42959547419019567,35.0
CRI,CRI,2011.0,980.0,894.0334420204111,0.4331643799012946,36.0
CRI,CRI,2012.0,1000.0,911.282065095702,0.4386608521433216,35.0
CRI,CRI,2013.0,1000.0,926.3349197710759,0.35837898419076436,36.0
CRI,CRI,2014.0,1000.0,923.9270364462354,0.37104719784925594,37.0
CRI,CRI,2015.0,1100.0,920.8801719174079,0.8765188231387201,41.0
CUB,CUB,2010.0,2200.0,2075.0324719438245,0.2730692649064234,27.0
CUB,CUB,2011.0,2200.0,2080.0287578968096,0.26152518802969643,32.0
CUB,CUB,2012.0,2200.0,2041.2680292894909,0.35255699016865366,35.0
CUB,CUB,2013.0,2200.0,2044.7897326887905,0.3441442458600633,38.0
CUB,CUB,2014.0,2100.0,2059.4597819426835,0.08925181091908843,44.0
CUB,CUB,2015.0,2100.0,1967.3161162671747,0.30572207499949733,51.0
DEU,DEU,2011.0,2300.0,2719.8588450495645,-0.7007581332754985,72.0
DEU,DEU,2012.0,2400.0,2500.3539557363097,-0.18213768910781644,75.0
DEU,DEU,2013.0,2400.0,2582.5994196841684,-0.3208973467917152,77.0
DEU,DEU,2014.0,2400.0,2576.5323849963524,-0.31096283513829875,78.0
DEU,DEU,2015.0,2300.0,2576.1763915053257,-0.486553296262196,80.0
DJI,DJI,2010.0,910.0,939.6245555420228,-0.14210643190303773,6.0
DJI,DJI,2011.0,750.0,865.701177890057,-0.6018461429683167,7.0
DJI,DJI,2012.0,640.0,704.3550864684182,-0.4103409791105372,9.0
DJI,DJI,2013.0,550.0,595.721646600418,-0.3437962687359569,10.0
DJI,DJI,2014.0,500.0,506.4903434015258,-0.057231409075126936,12.0
DJI,DJI,2015.0,500.0,458.2199349875368,0.40638161333258993,16.0
DNK,DNK,2010.0,200.0,212.42551592715017,-0.2544009050586477,65.0
DNK,DNK,2011.0,200.0,211.17828658960946,-0.23015621737602138,69.0
DNK,DNK,2012.0,200.0,210.05989734894698,-0.20818223001768565,73.0
DNK,DNK,2013.0,200.0,208.86173144669826,-0.1843915157432803,73.0
DNK,DNK,2014.0,200.0,208.06890636546896,-0.16850543220239464,80.0
DNK,DNK,2015.0,200.0,207.66842393652507,-0.16043682772350534,80.0
DOM,DOM,2010.0,4700.0,4633.997570991821,0.06475838061177594,20.0
DOM,DOM,2011.0,4400.0,4420.431180865231,-0.02101231497987749,23.0
DOM,DOM,2012.0,4300.0,4103.914450748622,0.2171771196143779,26.0
DOM,DOM,2013.0,4100.0,3981.6455617206734,0.13509994221701038,28.0
DOM,DOM,2014.0,4000.0,3768.408283797696,0.27927659779266834,31.0
DOM,DOM,2015.0,3900.0,3655.4008861944894,0.30405528414893457,34.0
DZA,DZA,2010.0,1300.0,1335.9627805902564,-0.12172295564297504,21.0
DZA,DZA,2011.0,1200.0,1339.1505678666379,-0.469869299129125,23.0
DZA,DZA,2012.0,1200.0,1258.4506569171635,-0.20992404430845887,28.0
DZA,DZA,2013.0,1200.0,1258.0687940652356,-0.20861538185689701,35.0
DZA,DZA,2014.0,1300.0,1258.7013510423014,0.14829374333921516,43.0
DZA,DZA,2015.0,1300.0,1335.4144993456453,-0.11991602931914372,51.0
ECU,ECU,2010.0,2700.0,2522.196000728381,0.3199226583968456,20.0
ECU,ECU,2011.0,2700.0,2515.955734957503,0.33196874968878975,24.0
ECU,ECU,2012.0,2600.0,2508.1953661790444,0.1661023021363223,25.0
ECU,ECU,2013.0,2500.0,2400.0877749179836,0.18887897692993247,28.0
ECU,ECU,2014.0,2500.0,2299.7007900562066,0.3951106423215226,31.0
ECU,ECU,2015.0,2300.0,2302.2640531175944,-0.004461125780976439,38.0
EGY,EGY,2010.0,2400.0,2510.944423582418,-0.20051309476084553,3.0
EGY,EGY,2011.0,2600.0,2609.325749666628,-0.016221722829984953,3.0
EGY,EGY,2012.0,2800.0,2791.886160634083,0.013194178492314801,4.0
EGY,EGY,2013.0,3000.0,2972.378100144705,0.04219884036974955,5.0
EGY,EGY,2014.0,3200.0,3147.1586220499453,0.07625884136498397,7.0
EGY,EGY,2015.0,3400.0,3321.709661265147,0.10706709273436431,8.0
ERI,ERI,2010.0,500.0,448.087354379264,0.5161032886710953,26.0
ERI,ERI,2011.0,500.0,447.0761590794288,0.5273200021524778,32.0
ERI,ERI,2012.0,500.0,437.0899052541276,0.6408167829354369,38.0
ERI,ERI,2013.0,500.0,437.50125777673924,0.6360416354703835,45.0
ERI,ERI,2014.0,500.0,428.72274608379365,0.7398891061305816,52.0
ERI,ERI,2015.0,500.0,425.65427188284406,0.7771751744859144,59.0
ESP,ESP,2010.0,3500.0,3355.1087309416434,0.19618172734281092,65.0
ESP,ESP,2011.0,3500.0,3338.595951426332,0.2196174742901406,66.0
ESP,ESP,2012.0,3500.0,3302.56663519998,0.2715630305260844,69.0
ESP,ESP,2013.0,3400.0,3276.246732287031,0.17158165937929235,71.0
ESP,ESP,2014.0,3400.0,3174.7235942082516,0.3222974344176628,73.0
ESP,ESP,2015.0,3300.0,3161.819918096486,0.19849502020987847,75.0
EST,EST,2010.0,500.0,470.7447280926437,0.27714573483873733,34.0
EST,EST,2011.0,500.0,466.4397576330547,0.32080003048889894,40.0
EST,EST,2012.0,200.0,462.10733284011206,-2.5284503750315395,45.0
EST,EST,2013.0,200.0,181.45460529611964,0.44116749132834154,47.0
EST,EST,2014.0,200.0,180.68673585064695,0.46128580147397075,52.0
EST,EST,2015.0,200.0,180.43154151144634,0.4680078958862581,60.0
ETH,ETH,2010.0,26000.0,24457.055403382234,0.2873588608959582,33.0
ETH,ETH,2011.0,23000.0,23174.095676278575,-0.03421790536479728,40.0
ETH,ETH,2012.0,21000.0,20372.153587508594,0.14036472244631343,44.0
ETH,ETH,2013.0,18000.0,18359.94918637751,-0.08928674399975634,48.0
ETH,ETH,2014.0,17000.0,15640.754633595192,0.3957444006845813,56.0
ETH,ETH,2015.0,14000.0,14680.154655191109,-0.2109758894246564,60.0
FJI,FJI,2010.0,100.0,86.5030758946039,0.6384797525661112,58.0
FJI,FJI,2011.0,100.0,86.78230198067465,0.6234531522785344,51.0
FJI,FJI,2012.0,100.0,87.00354020907801,0.6116091110826181,62.0
FJI,FJI,2013.0,200.0,87.1910687995885,5.298431126581978,47.0
FJI,FJI,2014.0,200.0,172.2405173966211,0.693780212238507,41.0
FJI,FJI,2015.0,200.0,173.47171821623326,0.6585551923897197,32.0
FRA,FRA,2010.0,5100.0,4785.264052060563,0.2990631671102582,85.0
FRA,FRA,2011.0,4900.0,4862.309369067551,0.03524748810059221,86.0
FRA,FRA,2012.0,4500.0,4668.588180163586,-0.16418769160676175,86.0
FRA,FRA,2013.0,4300.0,4304.813846172245,-0.005083415794040079,87.0
FRA,FRA,2014.0,4200.0,4123.044949216984,0.084838095518965,88.0
FRA,FRA,2015.0,4200.0,4005.6833924305197,0.2204820674596769,90.0
GAB,GAB,2010.0,3200.0,3356.165157784122,-0.21138013809676898,23.0
GAB,GAB,2011.0,3100.0,3238.8972640253355,-0.19479218879945642,28.0
GAB,GAB,2012.0,2900.0,3106.589366126427,-0.3020231453817467,33.0
GAB,GAB,2013.0,2800.0,2878.1796685559857,-0.12333253242207506,38.0
GAB,GAB,2014.0,2700.0,2740.251780493343,-0.06668345251931541,40.0
GAB,GAB,2015.0,2600.0,2601.456430378003,-0.0025410283444536738,40.0
GEO,GEO,2010.0,500.0,457.9657859305201,0.4090756150826101,32.0
GEO,GEO,2011.0,500.0,453.423937168404,0.4577176928761655,37.0
GEO,GEO,2012.0,540.0,452.56014668482663,0.8609032260573078,48.0
GEO,GEO,2013.0,560.0,487.660062465535,0.6620166411130627,53.0
GEO,GEO,2014.0,590.0,502.9882716236793,0.7724997280488094,57.0
GEO,GEO,2015.0,600.0,526.9947983502549,0.6191821115489986,61.0
GHA,GHA,2010.0,22000.0,22144.13256793186,-0.0296457635986769,13.0
GHA,GHA,2011.0,21000.0,21045.29868394671,-0.00980345273007927,19.0
GHA,GHA,2012.0,21000.0,19855.957461487826,0.2624140518550503,22.0
GHA,GHA,2013.0,21000.0,19896.090664985175,0.25269803221791265,24.0
GHA,GHA,2014.0,21000.0,19637.138024641517,0.31608719466618596,26.0
GHA,GHA,2015.0,21000.0,19558.129866114585,0.3357616683620234,26.0
GIN,GIN,2010.0,9800.0,9479.78547360853,0.15375530591084943,19.0
GIN,GIN,2011.0,9200.0,9223.561090338684,-0.011627093466139077,21.0
GIN,GIN,2012.0,8900.0,8565.25892394229,0.17787111810618608,25.0
GIN,GIN,2013.0,8100.0,8232.94280845543,-0.07348953127334777,24.0
GIN,GIN,2014.0,9500.0,7485.067768252771,1.2249711406819896,27.0
GIN,GIN,2015.0,9200.0,8880.049488963525,0.16399211326456636,28.0
GMB,GMB,2010.0,2300.0,2342.136988908793,-0.0816201221853362,9.0
GMB,GMB,2011.0,2200.0,2228.86838344562,-0.05874719345160276,13.0
GMB,GMB,2012.0,2200.0,2110.001273966527,0.19341486200760508,16.0
GMB,GMB,2013.0,2100.0,2087.3189759637303,0.027547279027741966,16.0
GMB,GMB,2014.0,2100.0,1957.252797423996,0.3305915860426296,17.0
GMB,GMB,2015.0,1900.0,1951.0530579950662,-0.11860870103296475,19.0
GNB,GNB,2010.0,2900.0,3090.281172917212,-0.2796445305584215,10.0
GNB,GNB,2011.0,2600.0,2898.63087723504,-0.4677938364675901,13.0
GNB,GNB,2012.0,2400.0,2560.159656888202,-0.2839191474267346,17.0
GNB,GNB,2013.0,2100.0,2357.7095434548987,-0.4959054028665577,18.0
GNB,GNB,2014.0,1800.0,2076.451920507486,-0.6036702057399639,22.0
GNB,GNB,2015.0,1800.0,1733.4775796220688,0.1738308511987436,26.0
GRC,GRC,2010.0,680.0,666.9233510502117,0.08798841246279081,47.0
GRC,GRC,2011.0,680.0,660.3009490567102,0.1338574577172746,49.0
GRC,GRC,2012.0,670.0,653.0239193831095,0.11662019594276785,51.0
GRC,GRC,2013.0,660.0,637.606582916913,0.15749662485592497,55.0
GRC,GRC,2014.0,640.0,623.572164471809,0.11809818260897208,58.0
GRC,GRC,2015.0,630.0,602.397127190416,0.20529347001392367,62.0
GTM,GTM,2010.0,1000.0,1025.812924761924,-0.11352202415596153,44.0
GTM,GTM,2011.0,840.0,935.2093303456722,-0.45884369114100976,49.0
GTM,GTM,2012.0,830.0,795.3793378770137,0.1958066910757408,54.0
GTM,GTM,2013.0,750.0,781.875151690985,-0.18335211016479164,59.0
GTM,GTM,2014.0,780.0,712.4041746575606,0.4262038370233331,60.0
GTM,GTM,2015.0,890.0,735.0130803214199,0.9475740762535177,58.0
GUY,GUY,2010.0,500.0,457.4881787479914,0.4141462142409649,46.0
GUY,GUY,2011.0,500.0,455.103502055717,0.4396193036446821,50.0
GUY,GUY,2012.0,500.0,454.3191464019899,0.44805494858292455,53.0
GUY,GUY,2013.0,500.0,454.3018324564843,0.44824147927114266,56.0
GUY,GUY,2014.0,500.0,452.5481287626809,0.46720721205977067,57.0
GUY,GUY,2015.0,500.0,450.78162831089116,0.48645724227445986,58.0
HND,HND,2010.0,500.0,485.4743709422042,0.1335170365586082,33.0
HND,HND,2011.0,500.0,484.18887001553725,0.1457110553551368,37.0
HND,HND,2012.0,500.0,481.8187852570018,0.16836028204747852,41.0
HND,HND,2013.0,500.0,478.9956398629004,0.19562551628644906,45.0
HND,HND,2014.0,500.0,475.36940780885215,0.23111195747489188,48.0
HND,HND,2015.0,500.0,472.22601120054236,0.2623050515854498,52.0
HRV,HRV,2010.0,100.0,113.0160705141229,-0.482364876613683,43.0
HRV,HRV,2011.0,100.0,112.18047077333128,-0.45449791410788654,46.0
HRV,HRV,2012.0,100.0,111.2399982509903,-0.4226723080210545,49.0
HRV,HRV,2013.0,100.0,109.462170653216,-0.3611363289996354,53.0
HRV,HRV,2014.0,100.0,108.73434498975375,-0.3354103197356422,56.0
HRV,HRV,2015.0,100.0,107.27472361566448,-0.28285162229932403,63.0
HTI,HTI,2010.0,8200.0,7544.601778111696,0.3953072936291577,13.0
HTI,HTI,2011.0,7700.0,7780.555469293748,-0.047115997957402934,16.0
HTI,HTI,2012.0,7100.0,7276.820124275751,-0.1105691600704864,20.0
HTI,HTI,2013.0,7200.0,6581.722810169788,0.42738802647614055,25.0
HTI,HTI,2014.0,7100.0,6652.701770454496,0.30590397829107874,29.0
HTI,HTI,2015.0,7200.0,6529.901524746644,0.4668800244023531,32.0
IDN,IDN,2010.0,49000.0,44512.75141049592,0.4592584243665833,5.0
IDN,IDN,2011.0,49000.0,44519.48151118653,0.45850030901850775,6.0
IDN,IDN,2012.0,48000.0,44345.33606510179,0.3754573029913668,7.0
IDN,IDN,2013.0,45000.0,43229.782504943614,0.18655290426760224,8.0
IDN,IDN,2014.0,43000.0,40350.2146992724,0.2991684789641697,10.0
IDN,IDN,2015.0,41000.0,38360.990710931466,0.3133980639809926,12.0
IRL,IRL,2010.0,500.0,478.84177961266744,0.19712050656470895,61.0
IRL,IRL,2011.0,500.0,477.1271783644616,0.21384439110228184,64.0
IRL,IRL,2012.0,500.0,474.5740855885015,0.2389660047621924,67.0
IRL,IRL,2013.0,500.0,471.66837129883265,0.26788122578559936,70.0
IRL,IRL,2014.0,500.0,468.2185859122331,0.30266667409114784,73.0
IRL,IRL,2015.0,500.0,460.6196066285963,0.3810882824300363,75.0
IRQ,IRQ,2010.0,100.0,299.0112360141685,-2.9327407622558215,20.0
IRQ,IRQ,2011.0,100.0,306.4883109486915,-2.9710462346196165,21.0
IRQ,IRQ,2012.0,100.0,317.4661099493654,-3.024120132511887,21.0
IRQ,IRQ,2013.0,100.0,328.32401291821145,-3.073230134697425,23.0
IRQ,IRQ,2014.0,100.0,335.0094909716906,-3.101932533120087,24.0
IRQ,IRQ,2015.0,100.0,339.19569678007224,-3.1193460420841883,27.0
ISL,ISL,2010.0,100.0,93.58377645288994,0.2826355246453469,66.0
ISL,ISL,2011.0,100.0,93.59570861081008,0.28207721146302694,68.0
ISL,ISL,2012.0,100.0,93.33152424591258,0.29446894230099013,69.0
ISL,ISL,2013.0,100.0,93.39901379954544,0.2912972408742111,70.0
ISL,ISL,2014.0,100.0,93.36843628645201,0.2927337280479749,70.0
ISL,ISL,2015.0,100.0,92.79559204755093,0.31980416002051465,71.0
ITA,ITA,2010.0,4500.0,4297.6721770465365,0.21401213187594764,66.0
ITA,ITA,2011.0,4500.0,4275.976849474529,0.23815972888539677,69.0
ITA,ITA,2012.0,4400.0,4251.413444690479,0.1588732873066216,71.0
ITA,ITA,2013.0,4400.0,4141.065285478828,0.2842200998350137,72.0
ITA,ITA,2014.0,4400.0,4118.723454135656,0.3104142119904035,74.0
ITA,ITA,2015.0,4400.0,4087.1075365234824,0.3479696140669267,75.0
JAM,JAM,2010.0,1700.0,1721.233588066976,-0.05587819070411155,20.0
JAM,JAM,2011.0,1700.0,1613.8732352627815,0.2416325033639276,23.0
JAM,JAM,2012.0,1600.0,1603.206839054434,-0.00905640622740539,26.0
JAM,JAM,2013.0,1500.0,1496.982255941709,0.00912298809236726,30.0
JAM,JAM,2014.0,1300.0,1391.2710936192505,-0.29673394923953844,33.0
JAM,JAM,2015.0,1200.0,1195.5494735879745,0.01681773245099123,35.0
JOR,JOR,2010.0,100.0,135.08889811410205,-1.101955899135638,33.0
JOR,JOR,2011.0,100.0,135.95566429627604,-1.122454324266938,35.0
JOR,JOR,2012.0,100.0,134.9232077914324,-1.0980094749190243,39.0
JOR,JOR,2013.0,100.0,139.71307989817015,-1.2085658321318131,38.0
JOR,JOR,2014.0,100.0,148.13734047693993,-1.386740186793108,37.0
JOR,JOR,2015.0,100.0,152.09609249087146,-1.4640658144853418,38.0
KAZ,KAZ,2010.0,2300.0,1938.0115490512287,0.8466167087696125,8.0
KAZ,KAZ,2011.0,2500.0,2117.664002204412,0.818713573761803,10.0
KAZ,KAZ,2012.0,2700.0,2302.0857060194107,0.7841170381725298,13.0
KAZ,KAZ,2013.0,2800.0,2472.983744690415,0.6000605898861183,17.0
KAZ,KAZ,2014.0,2800.0,2554.846030682861,0.4354909815104237,20.0
KAZ,KAZ,2015.0,2900.0,2534.6264048221196,0.6542055243842307,24.0
KEN,KEN,2010.0,67000.0,71701.05048924715,-0.2987233937044121,31.0
KEN,KEN,2011.0,59000.0,65702.03583446227,-0.46475280134629404,38.0
KEN,KEN,2012.0,57000.0,56911.994664793674,0.007045124880969629,43.0
KEN,KEN,2013.0,52000.0,54318.06681329274,-0.19442914386022783,47.0
KEN,KEN,2014.0,46000.0,48926.19689107181,-0.27247876410505417,54.0
KEN,KEN,2015.0,38000.0,42631.87512134451,-0.49497057446686704,65.0
KGZ,KGZ,2010.0,750.0,662.2555414573733,0.5945013274986946,9.0
KGZ,KGZ,2011.0,830.0,689.9525417985416,0.9113389112518362,10.0
KGZ,KGZ,2012.0,880.0,771.1059018032487,0.635013468345471,12.0
KGZ,KGZ,2013.0,850.0,816.031783866305,0.18731475858130278,18.0
KGZ,KGZ,2014.0,860.0,780.5370667124866,0.4578597785280806,24.0
KGZ,KGZ,2015.0,850.0,781.6911754361972,0.3930170074269886,27.0
KHM,KHM,2010.0,2200.0,2315.6846200332816,-0.22663159316143555,50.0
KHM,KHM,2011.0,2000.0,1952.5032350747856,0.11026503900000123,54.0
KHM,KHM,2012.0,1900.0,1763.2134459834751,0.3514462511624569,57.0
KHM,KHM,2013.0,1800.0,1660.1155623887303,0.3815878762259825,60.0
KHM,KHM,2014.0,1800.0,1562.2369888549274,0.6889581801198882,63.0
KHM,KHM,2015.0,1700.0,1557.7706888463617,0.41330712998071584,66.0
LAO,LAO,2010.0,1100.0,978.9073453622124,0.557803133231162,18.0
LAO,LAO,2011.0,1100.0,969.7002198062161,0.6058541733060869,20.0
LAO,LAO,2012.0,1100.0,968.8829363644172,0.6101631592173464,22.0
LAO,LAO,2013.0,1200.0,968.8273729183038,1.0758403311232638,24.0
LAO,LAO,2014.0,1200.0,1052.7756637681177,0.6310520967920734,27.0
LAO,LAO,2015.0,1200.0,1051.2281133038482,0.6386150762953763,29.0
LBY,LBY,2010.0,500.0,467.7385177127722,0.3075471842224654,44.0
LBY,LBY,2011.0,500.0,444.2830495701817,0.5585620328196761,50.0
LBY,LBY,2012.0,500.0,443.67677216653584,0.5653942828641193,52.0
LBY,LBY,2013.0,500.0,462.42355526965315,0.3622432050722502,51.0
LBY,LBY,2014.0,500.0,459.29195739758745,0.3950501864532689,55.0
LBY,LBY,2015.0,500.0,458.2787014369034,0.405759100071108,59.0
LKA,LKA,2010.0,500.0,549.2176169283767,-0.40084860777177095,7.0
LKA,LKA,2011.0,500.0,548.3171026395802,-0.3941489346258571,8.0
LKA,LKA,2012.0,500.0,546.7522412227386,-0.3824550964866886,10.0
LKA,LKA,2013.0,500.0,529.1202073066678,-0.24600509819810837,13.0
LKA,LKA,2014.0,500.0,542.6191895741235,-0.35125144517007034,16.0
LKA,LKA,2015.0,500.0,542.067616098957,-0.3470518603213139,20.0
LSO,LSO,2010.0,19000.0,24090.250911758467,-0.9624396158888432,33.0
LSO,LSO,2011.0,18000.0,20752.56870536838,-0.6041042020854492,34.0
LSO,LSO,2012.0,17000.0,19593.58963111648,-0.602864850725811,37.0
LSO,LSO,2013.0,17000.0,18497.16682754985,-0.36862438996626123,40.0
LSO,LSO,2014.0,15000.0,18278.148910774253,-0.8167941774655593,44.0
LSO,LSO,2015.0,13000.0,15831.627743841063,-0.814495484660183,51.0
LTU,LTU,2010.0,500.0,459.6709045758406,0.39105703237167627,8.0
LTU,LTU,2011.0,500.0,457.65141918703057,0.4124119792632595,10.0
LTU,LTU,2012.0,500.0,459.6531707059375,0.3912437592617538,12.0
LTU,LTU,2013.0,500.0,459.40848404937793,0.3938216011756333,18.0
LTU,LTU,2014.0,500.0,458.5478236300689,0.4029102818560879,14.0
LTU,LTU,2015.0,500.0,454.7210389042009,0.44372908986009246,22.0
LUX,LUX,2010.0,100.0,95.59290162937505,0.1904168063634907,53.0
LUX,LUX,2011.0,100.0,95.23059684784775,0.2067846638238939,56.0
LUX,LUX,2012.0,100.0,94.45165894063575,0.24236171472510776,59.0
LUX,LUX,2013.0,100.0,93.92381197015933,0.2667756127164025,59.0
LUX,LUX,2014.0,100.0,93.51883709215363,0.28567634963459726,64.0
LUX,LUX,2015.0,100.0,92.93110855498941,0.3133727738843968,66.0
LVA,LVA,2010.0,540.0,505.2998069378139,0.30669065518646255,9.0
LVA,LVA,2011.0,520.0,495.2326830277381,0.22326121441594354,10.0
LVA,LVA,2012.0,510.0,476.98828794442767,0.3087237010778519,11.0
LVA,LVA,2013.0,500.0,467.38260735168654,0.3111718046349236,13.0
LVA,LVA,2014.0,500.0,457.6037739821085,0.4129180276501179,14.0
LVA,LVA,2015.0,500.0,455.9958830302099,0.43005638307309546,15.0
MAR,MAR,2010.0,1500.0,1563.103487500729,-0.1827522336645499,16.0
MAR,MAR,2011.0,1500.0,1474.4460079236428,0.07842523624274081,19.0
MAR,MAR,2012.0,1400.0,1469.6489627126055,-0.2144456055897395,25.0
MAR,MAR,2013.0,1300.0,1379.6299560201137,-0.26105538838379055,29.0
MAR,MAR,2014.0,1200.0,1289.719040298783,-0.3144734328712372,33.0
MAR,MAR,2015.0,1200.0,1197.1800318454,0.010641758463933136,37.0
MDA,MDA,2010.0,1900.0,1951.9133614168334,-0.12055451784327574,7.0
MDA,MDA,2011.0,1800.0,1835.890986883872,-0.08858475430906376,9.0
MDA,MDA,2012.0,1700.0,1729.9680066506544,-0.07846782482951642,11.0
MDA,MDA,2013.0,1600.0,1619.475140592086,-0.05445057826439594,14.0
MDA,MDA,2014.0,1400.0,1513.6893836801148,-0.33992828017605436,17.0
MDA,MDA,2015.0,1400.0,1296.162552409575,0.36216467952258635,21.0
MDG,MDG,2010.0,4200.0,3644.3654267699685,0.6927815576524653,1.0
MDG,MDG,2011.0,4300.0,3815.222172393207,0.5774401672105186,1.0
MDG,MDG,2012.0,4400.0,3873.6430967687147,0.6175363453143146,1.0
MDG,MDG,2013.0,4700.0,3948.519035225946,0.8649828743645196,2.0
MDG,MDG,2014.0,5000.0,4225.363831503815,0.8333584864870035,2.0
MDG,MDG,2015.0,5200.0,4487.4683552793485,0.7218766476369473,3.0
MDV,MDV,2010.0,100.0,93.79635615489114,0.27270814190740716,9.0
MDV,MDV,2011.0,100.0,93.17350953100811,0.3019112536102982,12.0
MDV,MDV,2012.0,100.0,97.53746235965784,0.10446325276551917,19.0
MDV,MDV,2013.0,100.0,96.67316100960153,0.14227791486367997,21.0
MDV,MDV,2014.0,100.0,95.7516457738175,0.18328077159632672,26.0
MDV,MDV,2015.0,100.0,96.03282484021489,0.17069367918022907,30.0
MEX,MEX,2010.0,18000.0,15739.447662989145,0.6540357752576917,31.0
MEX,MEX,2011.0,18000.0,16585.56157010589,0.3883692965878921,32.0
MEX,MEX,2012.0,18000.0,16533.57518295714,0.4039086884193828,36.0
MEX,MEX,2013.0,19000.0,16494.390007913833,0.6917779804345726,36.0
MEX,MEX,2014.0,19000.0,17267.996653494232,0.4567815183024564,37.0
MEX,MEX,2015.0,19000.0,17184.55067075786,0.4811122746153138,43.0
MKD,MKD,2010.0,100.0,96.48212032742396,0.15071960911705876,22.0
MKD,MKD,2011.0,100.0,96.48174950253346,0.15073602473914371,23.0
MKD,MKD,2012.0,100.0,95.90380314436543,0.17646103700377885,26.0
MKD,MKD,2013.0,100.0,95.76300013837192,0.18277118418675428,28.0
MKD,MKD,2014.0,100.0,95.11540937262318,0.21201228078590723,30.0
MKD,MKD,2015.0,100.0,94.54813402005108,0.2379263831262703,37.0
MLI,MLI,2010.0,7800.0,7873.571113765196,-0.042523242188488956,21.0
MLI,MLI,2011.0,7400.0,7225.991901101075,0.10957503155326574,25.0
MLI,MLI,2012.0,6700.0,6758.343176380049,-0.03927773102614865,25.0
MLI,MLI,2013.0,7500.0,6068.893967624655,1.0727123410603712,25.0
MLI,MLI,2014.0,6900.0,6839.914948746164,0.03996871902317993,27.0
MLI,MLI,2015.0,6700.0,6221.050866741704,0.3502392097591125,30.0
MLT,MLT,2010.0,100.0,94.75891727118687,0.22826446908300468,33.0
MLT,MLT,2011.0,100.0,94.58649269737366,0.23616517492797676,34.0
MLT,MLT,2012.0,100.0,94.46548575386116,0.2417255366114164,39.0
MLT,MLT,2013.0,100.0,94.51449995595596,0.2394717350748718,41.0
MLT,MLT,2014.0,100.0,95.21794335701647,0.207358361054552,44.0
MLT,MLT,2015.0,100.0,94.95882851645665,0.2191369932657571,48.0
MMR,MMR,2010.0,18000.0,16080.623084344565,0.5435504889473987,12.0
MMR,MMR,2011.0,17000.0,16045.929786150447,0.27076800210271895,16.0
MMR,MMR,2012.0,17000.0,15104.361243927393,0.5715018124842216,21.0
MMR,MMR,2013.0,16000.0,15086.245889423853,0.27581139223054674,26.0
MMR,MMR,2014.0,16000.0,14196.626986926147,0.5784232362970435,33.0
MMR,MMR,2015.0,15000.0,14181.08782632317,0.2629497542334237,40.0
MNE,MNE,2010.0,100.0,92.79568516219598,0.3197997350942818,28.0
MNE,MNE,2011.0,100.0,92.54530454949,0.3317273798971526,27.0
MNE,MNE,2012.0,100.0,92.1772938431535,0.34936552806621407,28.0
MNE,MNE,2013.0,100.0,92.2222140292951,0.34720572545304085,31.0
MNE,MNE,2014.0,100.0,91.62689793261265,0.3759851622556045,34.0
MNE,MNE,2015.0,100.0,91.61355472878869,0.37663410540937864,34.0
MNG,MNG,2010.0,100.0,101.63431878517767,-0.06677137941131024,6.0
MNG,MNG,2011.0,100.0,101.8821693032343,-0.07672627164253369,9.0
MNG,MNG,2012.0,100.0,102.25782379143061,-0.09173016821764005,12.0
MNG,MNG,2013.0,100.0,102.421809143478,-0.098248256676524,20.0
MNG,MNG,2014.0,100.0,102.41295088135135,-0.0978966468790396,25.0
MNG,MNG,2015.0,100.0,101.76972130113094,-0.07221530798495951,28.0
MOZ,MOZ,2010.0,170000.0,170704.96413148864,-0.018817294077435997,14.0
MOZ,MOZ,2011.0,160000.0,181377.99721936416,-0.5370568625234374,16.0
MOZ,MOZ,2012.0,160000.0,169648.301048973,-0.2591417986855549,18.0
MOZ,MOZ,2013.0,160000.0,169766.30692967746,-0.2621289716898983,26.0
MOZ,MOZ,2014.0,150000.0,169039.80753411818,-0.5132271306298607,34.0
MOZ,MOZ,2015.0,150000.0,156364.0952896927,-0.18545285227579955,41.0
MRT,MRT,2010.0,500.0,455.5064092266172,0.4352971368758986,17.0
MRT,MRT,2011.0,500.0,454.0311394231016,0.45115958290117747,19.0
MRT,MRT,2012.0,500.0,452.2718021739468,0.47020871318227003,21.0
MRT,MRT,2013.0,500.0,450.87995854365187,0.485381834016931,26.0
MRT,MRT,2014.0,200.0,449.70630604384087,-2.4737813376731124,28.0
MRT,MRT,2015.0,200.0,188.6723832928569,0.2596691241295001,33.0
MWI,MWI,2010.0,57000.0,58869.332619011424,-0.14467170726451226,27.0
MWI,MWI,2011.0,54000.0,58538.24952235426,-0.35321109796591155,34.0
MWI,MWI,2012.0,51000.0,54837.60985112562,-0.31883266437167157,42.0
MWI,MWI,2013.0,48000.0,51835.02062377905,-0.33707005554894154,48.0
MWI,MWI,2014.0,45000.0,47696.38390798967,-0.25755173030806916,54.0
MWI,MWI,2015.0,40000.0,44068.919887114265,-0.42063669314397084,59.0
MYS,MYS,2010.0,5700.0,5259.079325311584,0.381292068158276,18.0
MYS,MYS,2011.0,5700.0,5245.4660980178605,0.39408237291422654,19.0
MYS,MYS,2012.0,5600.0,5231.592453294218,0.320255912000459,20.0
MYS,MYS,2013.0,5400.0,5123.3859186046775,0.24552833932309676,23.0
MYS,MYS,2014.0,5000.0,4930.773752100885,0.06384191306827999,28.0
MYS,MYS,2015.0,4600.0,4537.950467017175,0.062165599704454025,33.0
NAM,NAM,2010.0,12000.0,13235.574653557043,-0.42505829683359847,41.0
NAM,NAM,2011.0,11000.0,13215.773668947506,-0.7634043040468775,48.0
NAM,NAM,2012.0,10000.0,11963.4658876782,-0.7472268844758113,52.0
NAM,NAM,2013.0,9100.0,10731.937620757686,-0.6922586444870199,56.0
NAM,NAM,2014.0,8400.0,9530.655067175538,-0.5400046583008637,54.0
NAM,NAM,2015.0,7900.0,8780.773873265782,-0.45654274251921023,61.0
NER,NER,2010.0,1300.0,1838.4985732822088,-1.327226910879358,19.0
NER,NER,2011.0,1400.0,1204.8911297840787,0.7316132451170851,26.0
NER,NER,2012.0,1300.0,1285.2906843739609,0.05173371978240705,31.0
NER,NER,2013.0,1300.0,1194.2033662283293,0.4002330872397854,34.0
NER,NER,2014.0,1200.0,1189.0549767273553,0.041583220053931155,33.0
NER,NER,2015.0,1400.0,1106.9774988853228,1.1950590778185168,38.0
NGA,NGA,2010.0,150000.0,144320.55130033288,0.1793120499962276,18.0
NGA,NGA,2011.0,140000.0,143526.44726681442,-0.11195326403099777,20.0
NGA,NGA,2012.0,130000.0,132940.33284840535,-0.10077864935693678,26.0
NGA,NGA,2013.0,120000.0,122479.52618237362,-0.0922425083589038,31.0
NGA,NGA,2014.0,110000.0,111688.04409629645,-0.0688651422197639,35.0
NGA,NGA,2015.0,110000.0,101023.18784168009,0.4048733159235858,38.0
NLD,NLD,2010.0,920.0,961.2629679604064,-0.19352639727246318,65.0
NLD,NLD,2011.0,850.0,913.1002522187299,-0.3113813107694249,68.0
NLD,NLD,2012.0,770.0,847.1084819876422,-0.40979553411091496,70.0
NLD,NLD,2013.0,690.0,773.300304095165,-0.4844034032843854,74.0
NLD,NLD,2014.0,600.0,701.266129758787,-0.6484964863451034,77.0
NLD,NLD,2015.0,510.0,618.322237971961,-0.7852228671888443,80.0
NPL,NPL,2010.0,2600.0,2507.1789449843227,0.16800911948845398,12.0
NPL,NPL,2011.0,2300.0,2330.9509232432033,-0.0602389449224895,16.0
NPL,NPL,2012.0,2100.0,2060.794986725622,0.08625663111084275,19.0
NPL,NPL,2013.0,1900.0,1882.3500589984221,0.04249357687135917,22.0
NPL,NPL,2014.0,1700.0,1714.2020568991877,-0.037526441112402296,26.0
NPL,NPL,2015.0,1600.0,1549.9610237937468,0.14613712689293284,31.0
NZL,NZL,2010.0,200.0,203.59045925184202,-0.07655366475826325,53.0
NZL,NZL,2011.0,200.0,202.6968448049876,-0.05774226127438846,57.0
NZL,NZL,2012.0,200.0,201.699314628059,-0.03655564278387907,58.0
NZL,NZL,2013.0,200.0,200.94957030652193,-0.020499793514179136,59.0
NZL,NZL,2014.0,200.0,202.38822777473817,-0.05120879443673253,62.0
NZL,NZL,2015.0,200.0,202.33023207409317,-0.049978896018378786,65.0
OMN,OMN,2010.0,200.0,190.64540736127609,0.212330097339376,36.0
OMN,OMN,2011.0,200.0,205.97662092871437,-0.12602135229290984,33.0
OMN,OMN,2012.0,200.0,213.1843448600669,-0.2690190199368586,32.0
OMN,OMN,2013.0,200.0,202.53632672826808,-0.0543464398098468,35.0
OMN,OMN,2014.0,200.0,197.67719066677458,0.05093661075622588,36.0
OMN,OMN,2015.0,200.0,198.68377515892456,0.028724026781865496,34.0
PAN,PAN,2010.0,1300.0,1242.1255497142006,0.21056396148021894,29.0
PAN,PAN,2011.0,1300.0,1231.5518574903224,0.2511545037247661,31.0
PAN,PAN,2012.0,1300.0,1225.0260530384567,0.2765526835329541,33.0
PAN,PAN,2013.0,1300.0,1220.8360798456822,0.2930018363964221,38.0
PAN,PAN,2014.0,1300.0,1219.5361010441254,0.29812812364799196,40.0
PAN,PAN,2015.0,1400.0,1212.2938105494118,0.6995931094837315,42.0
PER,PER,2010.0,4300.0,4198.2265456583455,0.11019451634985283,30.0
PER,PER,2011.0,4300.0,3901.538139510536,0.4641528099369384,32.0
PER,PER,2012.0,4500.0,3885.830671163493,0.7183063204880306,39.0
PER,PER,2013.0,4900.0,4052.049539077012,0.951148924825243,39.0
PER,PER,2014.0,5200.0,4385.054406226665,0.8448712016045237,44.0
PER,PER,2015.0,5600.0,4641.688941737384,0.938693768107731,44.0
PHL,PHL,2010.0,4700.0,4072.0652493268954,0.700903160977303,5.0
PHL,PHL,2011.0,5600.0,4584.202641870208,1.0074525794200397,7.0
PHL,PHL,2012.0,6700.0,5362.037128652487,1.1348479375393732,8.0
PHL,PHL,2013.0,7900.0,6303.709163640239,1.1520317553764015,14.0
PHL,PHL,2014.0,9000.0,7286.637111367701,1.0699586786179074,18.0
PHL,PHL,2015.0,10000.0,8188.011780920329,1.0071395245155839,23.0
PNG,PNG,2010.0,6000.0,5398.394259040324,0.5068464887494578,14.0
PNG,PNG,2011.0,6100.0,5681.932811461331,0.33467292841423085,16.0
PNG,PNG,2012.0,6200.0,5768.141595153376,0.3405554814337811,19.0
PNG,PNG,2013.0,6300.0,5840.693459644718,0.35770935908237217,23.0
PNG,PNG,2014.0,6300.0,5914.219235712592,0.2967186199490603,27.0
PNG,PNG,2015.0,6600.0,5800.160323753462,0.6272629796212704,30.0
PRT,PRT,2010.0,1500.0,1510.6633668008421,-0.03194661989079399,51.0
PRT,PRT,2011.0,1400.0,1404.7769855388551,-0.01538236067659221,55.0
PRT,PRT,2012.0,1300.0,1297.311843648285,0.009367522268289767,59.0
PRT,PRT,2013.0,1300.0,1196.244508821803,0.3918473339799431,63.0
PRT,PRT,2014.0,1200.0,1189.150144511129,0.041218380228293695,67.0
PRT,PRT,2015.0,1100.0,1092.2579986701426,0.031996415710227925,70.0
PRY,PRY,2010.0,1200.0,1106.2652407665921,0.3825304615623556,26.0
PRY,PRY,2011.0,1200.0,1107.4959424024025,0.37709233816029564,26.0
PRY,PRY,2012.0,1200.0,1106.114269963493,0.383198384570902,27.0
PRY,PRY,2013.0,1300.0,1101.6181363532464,0.8129777044104562,30.0
PRY,PRY,2014.0,1300.0,1195.5010870106946,0.39489829301033486,33.0
PRY,PRY,2015.0,1300.0,1187.770738205409,0.42684757346375934,35.0
QAT,QAT,2010.0,100.0,96.78437292838122,0.13737768280939006,24.88888888888889
QAT,QAT,2011.0,100.0,96.32566767740872,0.15765566087782468,31.11111111111111
QAT,QAT,2012.0,100.0,101.08671986242163,-0.04461881067190688,37.333333333333336
QAT,QAT,2013.0,100.0,106.05546929562995,-0.23793034838273924,43.55555555555556
QAT,QAT,2014.0,100.0,107.555676865659,-0.2930701774659317,49.77777777777778
QAT,QAT,2015.0,100.0,105.45327764307542,-0.21539206156396568,56.0
ROU,ROU,2010.0,620.0,635.3545335186459,-0.1083677094708809,52.0
ROU,ROU,2011.0,610.0,628.922798472989,-0.134895405585593,53.0
ROU,ROU,2012.0,610.0,617.3479524575531,-0.05334765967215805,54.0
ROU,ROU,2013.0,630.0,618.7366216756051,0.08159391204396137,59.0
ROU,ROU,2014.0,650.0,631.7807296354061,0.1293019680345954,62.0
ROU,ROU,2015.0,640.0,641.182518816666,-0.008271195017233371,67.0
RWA,RWA,2010.0,11000.0,11709.710718515253,-0.2759390653609811,37.0
RWA,RWA,2011.0,9700.0,10592.163958693309,-0.3834400032850266,41.0
RWA,RWA,2012.0,9400.0,9228.863290990785,0.08440528708830478,47.0
RWA,RWA,2013.0,9100.0,8785.168217975643,0.1631092365893911,52.0
RWA,RWA,2014.0,7500.0,8438.147347262262,-0.5060028495438834,58.0
RWA,RWA,2015.0,6900.0,6825.6925785442545,0.04953231116495838,64.0
SAU,SAU,2010.0,100.0,249.45591368040326,-2.623129232794731,39.0
SAU,SAU,2011.0,200.0,261.5739690129936,-1.0324699708358291,40.0
SAU,SAU,2012.0,200.0,350.6463754793175,-1.9022137029632362,41.0
SAU,SAU,2013.0,200.0,362.65500760824324,-1.9876783341268573,43.0
SAU,SAU,2014.0,500.0,363.2666214182301,1.6681734123781975,49.0
SAU,SAU,2015.0,500.0,630.0454788814361,-0.9254327364746701,58.0
SDN,SDN,2010.0,2900.0,2626.279361232681,0.4730632538116126,8.0
SDN,SDN,2011.0,3000.0,2705.7897205434256,0.49359011251064805,9.0
SDN,SDN,2012.0,3000.0,2782.6378332399813,0.354630101600791,9.0
SDN,SDN,2013.0,3100.0,2810.65730119264,0.4673787837546835,12.0
SDN,SDN,2014.0,3300.0,2884.2677132937365,0.6544601294847502,13.0
SDN,SDN,2015.0,3500.0,3062.823708002047,0.648231476093198,14.0
SEN,SEN,2010.0,2200.0,1984.9886757045797,0.49102801066182833,28.0
SEN,SEN,2011.0,2100.0,1980.9676195282368,0.27238685518954503,31.0
SEN,SEN,2012.0,1900.0,1883.9748339528996,0.038548715152904346,29.0
SEN,SEN,2013.0,1600.0,1704.5958007545528,-0.27792417948271303,33.0
SEN,SEN,2014.0,1600.0,1441.760008896441,0.49657045054455534,40.0
SEN,SEN,2015.0,1500.0,1430.163328907122,0.2209176890458239,46.0
SGP,SGP,2010.0,500.0,468.91190865357703,0.29563542179927604,50.0
SGP,SGP,2011.0,500.0,466.6477454163319,0.31867282003021574,56.0
SGP,SGP,2012.0,500.0,466.8139075259223,0.31697471785611386,61.0
SGP,SGP,2013.0,500.0,461.39063403173327,0.3730160460489006,66.0
SGP,SGP,2014.0,500.0,457.9184951594235,0.4095772241398518,72.0
SGP,SGP,2015.0,500.0,455.4617703041375,0.43577563024035476,75.0
SLE,SLE,2010.0,5900.0,5824.106981354814,0.05927374666728765,9.0
SLE,SLE,2011.0,5700.0,5727.6940606257,-0.021992962675952972,12.0
SLE,SLE,2012.0,5600.0,5475.64153816324,0.10329543764007926,12.0
SLE,SLE,2013.0,5500.0,5448.778248558836,0.04275550634034638,13.0
SLE,SLE,2014.0,5800.0,5581.112769424016,0.1783840171546885,15.0
SLE,SLE,2015.0,5800.0,5742.430269149748,0.04560131775705444,20.0
SLV,SLV,2010.0,680.0,729.3632946487005,-0.3041075603446032,43.0
SLV,SLV,2011.0,620.0,625.7818591362582,-0.04142083389148973,45.0
SLV,SLV,2012.0,580.0,567.2150108651119,0.10088069228732566,48.0
SLV,SLV,2013.0,590.0,531.7340905886884,0.48985137326051176,53.0
SLV,SLV,2014.0,620.0,536.2468599356074,0.6983117216942805,55.0
SLV,SLV,2015.0,650.0,559.4365847469018,0.724353787804264,57.0
SOM,SOM,2010.0,710.0,707.4710360907548,0.016055174259151258,8.0
SOM,SOM,2011.0,650.0,645.3704586970465,0.032174733762831295,11.0
SOM,SOM,2012.0,570.0,598.312954749584,-0.21198793564801505,15.0
SOM,SOM,2013.0,550.0,544.3009315137366,0.046827137353646096,18.0
SOM,SOM,2014.0,510.0,528.2897068118713,-0.15474823247797945,21.0
SOM,SOM,2015.0,500.0,494.9463402039847,0.045581272857907223,25.0
SRB,SRB,2010.0,200.0,215.52434302987822,-0.31347722849696924,44.0
SRB,SRB,2011.0,200.0,213.89549569203228,-0.2826286830377793,45.0
SRB,SRB,2012.0,200.0,213.1064299572683,-0.2675226463569223,45.0
SRB,SRB,2013.0,200.0,212.43760398038964,-0.2546345519122107,46.0
SRB,SRB,2014.0,200.0,211.42921574394083,-0.23505594424537554,48.0
SRB,SRB,2015.0,200.0,209.28244444904513,-0.19277479979339393,50.0
SUR,SUR,2010.0,500.0,485.5108958782443,0.13317149199844933,20.0
SUR,SUR,2011.0,500.0,482.08696927506475,0.16578649335103834,22.0
SUR,SUR,2012.0,500.0,480.02385749665257,0.18565888455317325,28.0
SUR,SUR,2013.0,500.0,478.4947519419879,0.2004958734115884,31.0
SUR,SUR,2014.0,500.0,474.84241544262824,0.2363132870744594,34.0
SUR,SUR,2015.0,500.0,476.1815831362308,0.22311799089219578,36.0
SVK,SVK,2010.0,100.0,121.80245386174867,-0.7539288262457323,33.0
SVK,SVK,2011.0,100.0,121.20467981017013,-0.7366096661410115,34.0
SVK,SVK,2012.0,100.0,120.86976679995644,-0.7268369706869363,39.0
SVK,SVK,2013.0,100.0,120.46286867918032,-0.7148960654228148,44.0
SVK,SVK,2014.0,100.0,119.22338430133036,-0.6780571842414355,49.0
SVK,SVK,2015.0,100.0,118.144027944823,-0.6453952787074897,55.0
SVN,SVN,2010.0,100.0,99.72268517803393,0.01152837367902002,60.0
SVN,SVN,2011.0,100.0,99.4078883497404,0.024686141204764773,60.0
SVN,SVN,2012.0,100.0,98.0394768373546,0.08277865489176313,60.0
SVN,SVN,2013.0,100.0,97.79632903950325,0.09325609521294727,64.0
SVN,SVN,2014.0,100.0,97.36727762172539,0.11186070417491506,69.0
SVN,SVN,2015.0,100.0,96.57684827328492,0.14652997070529905,72.0
SWZ,SWZ,2010.0,14000.0,18282.472703497955,-1.0667825297317692,31.0
SWZ,SWZ,2011.0,14000.0,15762.85472806233,-0.5092822060279694,34.0
SWZ,SWZ,2012.0,14000.0,15533.774212707192,-0.4496318646098279,38.0
SWZ,SWZ,2013.0,13000.0,15396.107441117096,-0.7087048430519055,43.0
SWZ,SWZ,2014.0,13000.0,14120.020955506616,-0.36118892289435056,52.0
SWZ,SWZ,2015.0,11000.0,13985.596890868002,-0.9720547219366784,67.0
SYR,SYR,2010.0,100.0,238.9469221327165,-2.541647053303105,9.0
SYR,SYR,2011.0,100.0,239.39105785276064,-2.545229537851103,12.0
SYR,SYR,2012.0,100.0,235.2030695196823,-2.5109330942972017,15.0
SYR,SYR,2013.0,100.0,221.89815254795684,-2.3937641336005293,17.0
SYR,SYR,2014.0,100.0,210.85934028175888,-2.2858449915058916,20.0
SYR,SYR,2015.0,100.0,204.2950948848113,-2.216402746593415,21.0
TCD,TCD,2010.0,8500.0,8354.645574785738,0.07918153419960669,16.0
TCD,TCD,2011.0,8100.0,8012.614180917021,0.04963264674441155,19.0
TCD,TCD,2012.0,7700.0,7562.227645118258,0.08290478823059154,22.0
TCD,TCD,2013.0,7100.0,7141.4678706667655,-0.026421440834767863,25.0
TCD,TCD,2014.0,6200.0,6535.028268769,-0.23324256976538954,28.0
TCD,TCD,2015.0,6600.0,5603.5368606393595,0.8088323953305967,31.0
TGO,TGO,2010.0,6300.0,6374.080260928952,-0.05287391207302627,22.0
TGO,TGO,2011.0,4900.0,6009.202459914643,-0.8396680867652155,27.0
TGO,TGO,2012.0,4300.0,4564.780226556278,-0.26371986909723916,30.0
TGO,TGO,2013.0,3900.0,3955.0099796777718,-0.0632149102930633,34.0
TGO,TGO,2014.0,3900.0,3551.3945182351895,0.44599712911809775,37.0
TGO,TGO,2015.0,3800.0,3551.508333096304,0.31790386129695364,44.0
THA,THA,2010.0,18000.0,17175.464165923247,0.2186257939716374,32.0
THA,THA,2011.0,17000.0,16187.34528138627,0.22862029104694517,36.0
THA,THA,2012.0,16000.0,15190.149058241102,0.2427778921194762,40.0
THA,THA,2013.0,15000.0,14197.015114881951,0.25754651088812036,44.0
THA,THA,2014.0,15000.0,13227.263563194032,0.6102338005110232,48.0
THA,THA,2015.0,14000.0,13152.700911357048,0.29332019202607634,55.0
TJK,TJK,2010.0,1100.0,1008.7921775044219,0.4078202431828343,5.0
TJK,TJK,2011.0,1000.0,1009.0105380142489,-0.04028045492093871,7.0
TJK,TJK,2012.0,1000.0,918.8545087533346,0.39794934312678365,9.0
TJK,TJK,2013.0,1100.0,920.9086506684616,0.8763526601200635,12.0
TJK,TJK,2014.0,1000.0,1009.24499949419,-0.04131908048633668,18.0
TJK,TJK,2015.0,950.0,915.3156590889995,0.1707474201851375,26.0
TLS,TLS,2010.0,200.0,184.96877877452076,0.35111977812147005,6.0
TLS,TLS,2011.0,200.0,185.0263389475809,0.34967188648686753,6.0
TLS,TLS,2012.0,200.0,184.3716728448511,0.3661902577269289,9.0
TLS,TLS,2013.0,200.0,186.08645862490172,0.32315735552204916,14.0
TLS,TLS,2014.0,200.0,183.78502684846592,0.38108727308108076,16.0
TLS,TLS,2015.0,200.0,182.83519678452194,0.40539919001255853,17.0
TUN,TUN,2010.0,500.0,504.7939912508827,-0.0424123421753133,9.0
TUN,TUN,2011.0,520.0,496.85556722473876,0.2079641829384557,10.0
TUN,TUN,2012.0,510.0,513.5523803329071,-0.030902262265763824,9.0
TUN,TUN,2013.0,540.0,505.0626614035651,0.3089287420983402,10.0
TUN,TUN,2014.0,540.0,530.5207146745166,0.07987279651284804,12.0
TUN,TUN,2015.0,530.0,527.3863951499563,0.022150729931594722,13.0
TZA,TZA,2010.0,89000.0,87618.95610801673,0.07181590966608742,20.0
TZA,TZA,2011.0,93000.0,88220.09205435382,0.246867339071587,21.0
TZA,TZA,2012.0,91000.0,91988.46817287401,-0.04896018007044279,31.0
TZA,TZA,2013.0,94000.0,89473.72421354329,0.2304930438295792,35.0
TZA,TZA,2014.0,98000.0,91220.51634064568,0.3386237248192522,40.0
TZA,TZA,2015.0,100000.0,94413.55088076656,0.2695978830647711,43.0
UGA,UGA,2010.0,96000.0,102652.42020642616,-0.295276765573244,20.0
UGA,UGA,2011.0,92000.0,98710.82407424823,-0.3097619836052731,23.0
UGA,UGA,2012.0,84000.0,93191.70189060908,-0.44939995380980585,30.0
UGA,UGA,2013.0,80000.0,83912.4035522337,-0.21243519519330317,40.0
UGA,UGA,2014.0,74000.0,78861.5147172285,-0.28087432146344654,49.0
UGA,UGA,2015.0,71000.0,71658.17243429371,-0.041847908871480856,53.0
VNM,VNM,2010.0,14000.0,13570.967968912544,0.14394931656935378,26.0
VNM,VNM,2011.0,14000.0,12603.988906685903,0.5042966956221725,31.0
VNM,VNM,2012.0,13000.0,12547.840985143886,0.16406874449447842,36.0
VNM,VNM,2013.0,13000.0,11547.461276301621,0.5726823452256723,40.0
VNM,VNM,2014.0,12000.0,11512.922203903345,0.19261237355593847,42.0
VNM,VNM,2015.0,12000.0,10584.612727548349,0.6087478634037565,48.0
YEM,YEM,2010.0,820.0,978.0276382535613,-0.7285889854483553,7.0
YEM,YEM,2011.0,700.0,866.5011385816357,-0.8653035304859191,8.0
YEM,YEM,2012.0,700.0,770.0390763094185,-0.40898970665347434,9.0
YEM,YEM,2013.0,780.0,772.8998185374484,0.041309703756609924,11.0
YEM,YEM,2014.0,880.0,848.3092588746376,0.16818592226518803,14.0
YEM,YEM,2015.0,990.0,937.607768732236,0.2518557371308622,15.0
ZAF,ZAF,2010.0,350000.0,411130.1814558063,-0.6775292863651937,25.0
ZAF,ZAF,2011.0,330000.0,385952.0284673069,-0.6605923501108811,33.0
ZAF,ZAF,2012.0,310000.0,360435.7165371011,-0.637618017059827,40.0
ZAF,ZAF,2013.0,300000.0,334509.6242074098,-0.4700898218054823,45.0
ZAF,ZAF,2014.0,280000.0,319411.5221361462,-0.5622393377854908,49.0
ZAF,ZAF,2015.0,270000.0,295644.4699265403,-0.3952495920098464,54.0
ZMB,ZMB,2010.0,63000.0,62519.31294590245,0.035029894869579185,37.0
ZMB,ZMB,2011.0,65000.0,65206.322342039246,-0.014416177742809093,43.0
ZMB,ZMB,2012.0,68000.0,66815.8633184166,0.08074534444352138,47.0
ZMB,ZMB,2013.0,71000.0,69740.23045347907,0.0823011298522889,53.0
ZMB,ZMB,2014.0,72000.0,71967.41644045059,0.0020628264173238003,59.0
ZMB,ZMB,2015.0,74000.0,72358.22452400817,0.10337755841297487,65.0
ZWE,ZWE,2010.0,76000.0,88683.17104108453,-0.6516261614646188,26.0
ZWE,ZWE,2011.0,63000.0,81190.73946737938,-1.02082440132072,35.0
ZWE,ZWE,2012.0,56000.0,65369.91883487206,-0.6530578165984523,41.0
ZWE,ZWE,2013.0,52000.0,57156.81588677848,-0.41105263809862147,48.0
ZWE,ZWE,2014.0,45000.0,52798.50650567457,-0.6729257264708726,55.0
ZWE,ZWE,2015.0,42000.0,44700.87059520468,-0.27526415595615644,61.0
